{"current":"Raw","presets":{"Raw":{"page_padding_horizontal":20,"page_padding_vertical":20,"page_padding_remove_on_mobile":true,"grid_padding":20,"border_radius_grid":30,"border_style_container":"solid","border_width_container":1,"border_style_grid":"solid","border_width_grid":1,"border_padding_horizontal":false,"border_padding_vertical":false,"border_style_sections":"solid","border_width_sections":1,"border_padding_sections_horizontal_select":"never","color_scheme_container":"scheme1","color_background_body":"#ffffff","color_scheme_drawers":"scheme3","headings_font":"helvetica_n4","headings_size":80,"headings_line":1,"headings_spacing":-1,"body_font":"helvetica_n4","body_size":18,"body_line":1.1,"section_titles_font":"text-font--headings","section_titles_size":"text-size--30","section_titles_line_height":"text-line-height--default","section_title_bold":false,"section_title_italic":false,"section_titles_padding_top":"large","section_titles_padding_bottom":"regular","nav_in_heading":false,"page_transform_uppercase":true,"border_width_buttons":2,"product_card_aspect_ratio":"0.83333","product_card_hover":"zoom-in","product_card_show_secondary_image":false,"product_card_text_transform":false,"product_card_extra_caption_size":"text-size--14","product_card_disable_border":false,"product_card_remove_padding":false,"product_quick_buy_background_background":"#ffffff","product_quick_buy_background_text":"#000000","reviews_badge_desktop":"always","reviews_badge_color":"#faff5b","product_card_badge_sale_color":"#ff8900","cart_free_shipping":true,"cart_free_shipping_amount":"100","gift_wrap_product":"gift-wrapping","image_loading":"pixelate","image_links_hover":"zoom-in","text_underline":"italic","card_hover":"accent","parallax_effects":false,"product_card_remove_border_radius":false,"product_card_custom_padding":20,"cart_upsell_heading":"PROMOTION","cart_upsell_product":"loose-t-shirt-3","product_card_aspect_ratio_fit":false,"proudct_card_aspect_ratio_padding":10,"product_card_background":"rgba(0,0,0,0)","border_padding_sections_horizontal":false,"page_padding":20,"border_radius_container":0,"border_style_menu":"solid","border_width_menu":0,"border_style_drawers":"solid","border_width_drawers":1,"border_radius_drawers":14,"show_gotop":false,"content_for_index":[],"color_schemes":{"scheme1":{"settings":{"background":"#ffffff","borders":"#202020","text":"#151515","accent":"#151515","accent_foreground":"#ffffff"}},"scheme2":{"settings":{"background":"#ffffff","borders":"#151515","text":"#ffffff","accent":"#151515","accent_foreground":"#ffffff"}},"scheme3":{"settings":{"background":"#151515","borders":"#3e3e3e","text":"#f1f1f1","accent":"#151515","accent_foreground":"#e4e4e4"}},"scheme4":{"settings":{"background":"#cccccc","borders":"#151515","text":"#000000","accent":"#e4e4e4","accent_foreground":"#151515"}},"scheme5":{"settings":{"background":"#684934","borders":"#efefef","text":"#f5e5bb","accent":"#151515","accent_foreground":"#ffffff"}}}},"Objekts":{"page_padding_horizontal":0,"page_padding_vertical":0,"page_padding_remove_on_mobile":true,"page_boxed_layout":false,"grid_padding":50,"border_radius_grid":30,"border_style_container":"solid","border_width_container":0,"border_style_grid":"dotted","border_width_grid":1,"border_padding_horizontal":true,"border_padding_vertical":true,"border_style_sections":"solid","border_width_sections":2,"border_padding_sections_horizontal_select":"always","color_background_body":"#f7f7f7","color_scheme_drawers":"scheme1","headings_font":"helvetica_n3","headings_size":100,"headings_line":1,"headings_spacing":-1,"body_font":"helvetica_n4","body_size":18,"body_line":1.2,"body_spacing":0,"section_titles_size":"text-size--100","section_title_bold":false,"section_title_italic":false,"section_titles_padding_top":"xlarge","section_titles_padding_bottom":"regular","nav_in_heading":true,"page_titles_size":"text-size--100","border_radius_buttons_select":"50","border_width_buttons":1,"buttons_transform_uppercase":true,"product_card_aspect_ratio":"0.83333","product_card_hover":"zoom-in","product_card_show_secondary_image":true,"product_card_text_alignment":"left","product_card_text_size":"18","product_card_text_weight":true,"product_card_text_transform":false,"product_card_disable_border":false,"product_card_remove_padding":false,"product_card_border_radius_grid":21,"enable_quick_buy":true,"location_quick_buy":"right","product_quick_buy_background_background":"#191919","product_quick_buy_background_text":"#f7f7f7","reviews_badge_desktop":"hover","product_card_badge_sale_color":"#ff8900","cart_free_shipping":true,"image_loading":"blur","text_underline":"text","link_arrows":false,"card_hover":"none","padding_padding_horizontal_overlap":false,"product_card_remove_border_radius":true,"product_card_custom_padding":40,"cart_upsell_product":"yield-6oz-double-wall-glasses","product_card_aspect_ratio_fit":false,"proudct_card_aspect_ratio_padding":0,"product_card_background":"rgba(0,0,0,0)","border_padding_sections_horizontal":true,"page_padding":0,"border_radius_container":0,"border_style_menu":"solid","border_style_drawers":"solid","border_width_drawers":1,"border_radius_drawers":14,"border_radius_buttons":30,"show_gotop":true,"content_for_index":[],"color_schemes":{"scheme1":{"settings":{"background":"#f7f7f7","borders":"#000000","text":"#000000","accent":"#000000","accent_foreground":"#f7f7f7"}},"scheme2":{"settings":{"background":"#f7f7f7","borders":"#000000","text":"#000000","accent":"#000000","accent_foreground":"#f7f7f7"}},"scheme3":{"settings":{"background":"#000000","borders":"#6c6c6c","text":"#efefef","accent":"#f7fc6b","accent_foreground":"#000000"}},"scheme4":{"settings":{"background":"#f6df73","borders":"#000000","text":"#000000","accent":"#f6df73","accent_foreground":"#000000"}},"scheme5":{"settings":{"background":"#f7f7f7","borders":"#000000","text":"#000000","accent":"#ffffff","accent_foreground":"#000000"}}}},"Black":{"grid_padding":30,"border_radius_grid":50,"border_style_container":"solid","border_width_container":0,"border_style_grid":"solid","border_style_sections":"solid","border_padding_sections_horizontal_select":"never","color_scheme_container":"scheme-5856a5b2-5f82-4acf-88b3-5d90d4422924","color_background_body":"#292929","color_scheme_drawers":"scheme-aa6ef783-6c22-466d-b738-fdae0a08f7b0","headings_font":"goudy_old_style_n4","headings_size":80,"headings_spacing":-2,"body_font":"helvetica_n4","body_size":16,"body_line":1.1,"section_titles_font":"text-font--body","section_titles_size":"text-size--30","section_title_bold":false,"section_titles_padding_top":"large","section_titles_padding_bottom":"regular","page_titles_size":"text-size--40","border_radius_buttons_select":"120","border_width_buttons":2,"buttons_transform_uppercase":true,"product_card_aspect_ratio":"0.83333","product_card_hover":"zoom-in","product_grid_image_overlay":"#000000","product_grid_image_overlay_opacity":0,"product_card_text_alignment":"center","product_card_text_size":"18","product_card_text_transform":false,"product_card_disable_border":false,"product_card_remove_padding":true,"product_quick_buy_background_background":"#d3ec18","product_quick_buy_background_text":"#000000","product_card_badge_sale_color":"#ff8900","image_loading":"pixelate","text_underline":"italic","card_hover":"accent","parallax_effects":false,"product_card_remove_border_radius":false,"content_for_index":[],"color_schemes":{"scheme1":{"settings":{"background":"#101010","borders":"#494848","text":"#efefef","accent":"#efefef","accent_foreground":"#292929"}},"scheme2":{"settings":{"background":"#101010","borders":"#494848","text":"#efefef","accent":"#d3ec18","accent_foreground":"#292929"}},"scheme3":{"settings":{"background":"#101010","borders":"#494848","text":"#dfdfdf","accent":"#101010","accent_foreground":"#d3ec18"}},"scheme4":{"settings":{"background":"#2b2b2b","borders":"#cfcfcf","text":"#efefef","accent":"#efefef","accent_foreground":"#565656"}},"scheme5":{"settings":{"background":"#d3ec18","borders":"#a1c92c","text":"#000000","accent":"#000000","accent_foreground":"#d3ec18"}}}},"Folio":{"page_padding_horizontal":20,"page_padding_vertical":30,"page_boxed_layout":true,"grid_padding":25,"border_radius_grid":5,"border_style_container":"solid","border_width_container":0,"border_style_grid":"solid","border_width_grid":0,"border_padding_horizontal":false,"border_padding_vertical":false,"border_width_sections":0,"border_padding_sections_horizontal_select":"never","borders_drawers_disabled":false,"color_scheme_container":"scheme1","color_background_body":"#c8b7a6","color_scheme_drawers":"scheme1","headings_font":"hope_sans_n4","headings_size":60,"headings_line":1,"headings_spacing":-2,"body_font":"ibm_plex_sans_n4","body_size":18,"body_line":1.2,"section_titles_font":"text-font--headings","section_titles_size":"text-size--40","section_title_bold":true,"section_title_italic":false,"section_titles_padding_top":"xlarge","section_titles_padding_bottom":"small","page_titles_font":"text-font--headings","page_titles_size":"text-size--60","page_titles_line_height":"text-line-height--default","page_title_bold":true,"page_title_italic":false,"page_transform_uppercase":true,"border_radius_buttons_select":"10","product_card_aspect_ratio":"0.83333","product_card_hover":"repetition product-grid-animation--repetition-extra","product_card_show_secondary_image":false,"product_card_text_alignment":"center","product_card_text_size":"18","product_card_text_weight":true,"product_card_text_transform":true,"product_card_extra_caption_size":"text-size--14","product_card_extra_caption_position":"above","product_card_disable_border":false,"product_card_remove_padding":false,"product_card_border_radius_grid":5,"enable_quick_buy":false,"reviews_badge_desktop":"no","show_badges":true,"product_card_badge_custom_1_color":"#c8b7a6","product_card_badge_custom_1_text_color":"#000000","product_card_badge_custom_2_color":"#c8b7a6","product_card_badge_custom_2_text_color":"#000000","product_card_badge_custom_3_color":"#c8b7a6","product_card_badge_custom_3_text_color":"#000000","color_swatches":false,"text_underline":"text","parallax_effects":false,"zoom_effects":true,"show_breadcrumb":false,"within_filter_enabled":false,"padding_padding_horizontal_overlap":false,"product_card_remove_border_radius":false,"product_card_aspect_ratio_fit":false,"border_padding_sections_horizontal":true,"color_schemes":{"scheme1":{"settings":{"background":"#c8b7a6","borders":"#323232","text":"#323232","accent":"#323232","accent_foreground":"#ffffff"}},"scheme2":{"settings":{"background":"#eae7dc","borders":"#6e6e6e","text":"#6e6e6e","accent":"#000000","accent_foreground":"#ffef5f"}},"scheme3":{"settings":{"background":"#eae7dc","borders":"#d14545","text":"#d14545","accent":"#ffef5f","accent_foreground":"#000000"}},"scheme4":{"settings":{"background":"#3e0200","borders":"#560300","text":"#ededd0","accent":"#152839","accent_foreground":"#ededd0"}},"scheme5":{"settings":{"background":"#e55b50","borders":"#ffffff","text":"#323232","accent":"#323232","accent_foreground":"#ffffff"}}}},"Art":{"page_padding_horizontal":20,"page_padding_vertical":20,"page_padding_remove_on_mobile":false,"grid_padding":20,"border_radius_grid":0,"border_style_container":"solid","border_width_container":1,"border_style_grid":"solid","border_width_grid":1,"border_padding_horizontal":true,"border_padding_vertical":true,"border_style_sections":"solid","border_width_sections":1,"border_padding_sections_horizontal_select":"never","color_scheme_container":"scheme1","color_background_body":"#d6d2cb","color_scheme_drawers":"scheme3","headings_font":"oswald_n5","headings_size":100,"headings_line":1,"headings_spacing":-2,"body_font":"sans-serif","body_size":15,"body_line":1.1,"body_spacing":0,"section_titles_font":"text-font--body","section_titles_size":"text-size--30","section_titles_line_height":"text-line-height--default","section_title_bold":false,"section_title_italic":false,"section_titles_padding_top":"xlarge","section_titles_padding_bottom":"regular","nav_in_heading":false,"page_transform_uppercase":true,"border_radius_buttons_select":"120","border_width_buttons":2,"buttons_transform_uppercase":true,"product_card_aspect_ratio":"0.666667","product_card_hover":"repetition product-grid-animation--repetition-extra","product_card_show_secondary_image":true,"product_card_text_transform":true,"product_card_extra_caption_size":"text-size--14","product_card_extra_caption_position":"above","product_card_disable_border":false,"product_card_remove_padding":false,"product_card_border_radius_grid":0,"product_quick_buy_background_background":"#151515","product_quick_buy_background_text":"#ecddbe","reviews_badge_desktop":"always","reviews_badge_color":"#faff5b","product_card_badge_sale_color":"#ff8900","cart_free_shipping":true,"cart_free_shipping_amount":"100","image_loading":"pixelate","image_links_hover":"zoom-in","text_underline":"text","link_arrows":false,"card_hover":"none","parallax_effects":false,"product_card_remove_border_radius":false,"product_card_custom_padding":20,"product_card_aspect_ratio_fit":false,"proudct_card_aspect_ratio_padding":10,"product_card_background":"rgba(0,0,0,0)","border_padding_sections_horizontal":false,"page_padding":20,"border_radius_container":0,"border_style_menu":"solid","border_width_menu":0,"border_style_drawers":"solid","border_width_drawers":1,"border_radius_drawers":14,"show_gotop":false,"color_schemes":{"scheme1":{"settings":{"background":"#d6d2cb","borders":"#151515","text":"#151515","accent":"#d6d2cb","accent_foreground":"#000000"}},"scheme2":{"settings":{"background":"#191918","borders":"#5e5e5b","text":"#d6d2cb","accent":"#ff8900","accent_foreground":"#d6d2cb"}},"scheme3":{"settings":{"background":"#d6d2cb","borders":"#151515","text":"#000000","accent":"#ff9d2b","accent_foreground":"#faff5b"}},"scheme4":{"settings":{"background":"#ff8900","borders":"#151515","text":"#000000","accent":"#494fe6","accent_foreground":"#db76e3"}},"scheme5":{"settings":{"background":"#151515","borders":"#747069","text":"#ffffff","accent":"#fcff63","accent_foreground":"#000000"}}}}}}