{"sections":{"main":{"type":"main-page","settings":{}},"00b1f3ed-79a5-4663-b758-0f6d91e48521":{"type":"rich-text","blocks":{"template--21669121065249__00b1f3ed-79a5-4663-b758-0f6d91e48521-text-1":{"type":"text","settings":{"text":"<h4><strong>Have a question? We're here to help.<\/strong><\/h4><p>A few links that might point you in the right direction: <\/p><p>- Returns & Exchanges <br\/>- Sizing & Fit <br\/>- General questions about Ugmonk<\/p>","text_font":"text-font--body","text_size":"text-size--30","text_line_height":"text-line-height--default","seo_h_tag":"span"}},"template--21669121065249__00b1f3ed-79a5-4663-b758-0f6d91e48521-button-1":{"type":"button","settings":{"button_label":"Show more","link":"","target":false,"button_style":"outline","button_size":"button--regular","button_hover":"-arrow"}}},"block_order":["template--21669121065249__00b1f3ed-79a5-4663-b758-0f6d91e48521-text-1","template--21669121065249__00b1f3ed-79a5-4663-b758-0f6d91e48521-button-1"],"settings":{"heading":"","seo_h_tag":"h2","disable_section_title_border":false,"image_aspect_ratio":"1","image_position":"top no-image","image_position_mobile":"above","image_crop":false,"image_overlap":false,"image_overlay":"rgba(0,0,0,0)","media_shape":"none","text_alignment":"horizontal-left align-content--vertical-top","spacing":24,"gutter":"large","width":"100","color_scheme":"scheme1","disable_section_bottom_border":false,"color_scheme_card":"scheme3","disable_border":true,"remove_border_radius":false,"remove_padding":false,"add_border":false,"hide_block_if":false}},"0e930c21-6a26-4610-9cd9-10ec0988c156":{"type":"content-toggles","blocks":{"template--16220948103225__0e930c21-6a26-4610-9cd9-10ec0988c156-text-1":{"type":"text","settings":{"title":"Shipping details","body":"<p>Write some useful information about your shipping details<\/p><p>Link to your <a href=\"#\">shipping policy<\/a>.<\/p>"}},"template--16220948103225__0e930c21-6a26-4610-9cd9-10ec0988c156-text-2":{"type":"text","settings":{"title":"Delivery details","body":"<p>Let your customers know if you offer free delivery for certain types of orders<\/p><p>Link to your <a href=\"#\">offers page<\/a>.<\/p>"}},"template--16220948103225__0e930c21-6a26-4610-9cd9-10ec0988c156-text-3":{"type":"text","settings":{"title":"Returns details","body":"<p>Show customers how much time they have for testing your products<\/p><p>Link to your <a href=\"#\">returns policy<\/a>.<\/p>"}}},"block_order":["template--16220948103225__0e930c21-6a26-4610-9cd9-10ec0988c156-text-1","template--16220948103225__0e930c21-6a26-4610-9cd9-10ec0988c156-text-2","template--16220948103225__0e930c21-6a26-4610-9cd9-10ec0988c156-text-3"],"settings":{"heading":"Frequently asked questions","seo_h_tag":"h2","disable_section_title_border":false,"cta_label":"","cta_url":"","title_font":"text-font--body","title_size":"40","title_weight":true,"text_size":"18","color_scheme":"","disable_section_bottom_border":false}}},"order":["main","00b1f3ed-79a5-4663-b758-0f6d91e48521","0e930c21-6a26-4610-9cd9-10ec0988c156"]}