{"sections":{"main":{"type":"main-page","settings":{}},"d0db39f9-9caa-4ea6-9564-2d97aff10585":{"type":"promotion-blocks","blocks":{"template--21594807599380__d0db39f9-9caa-4ea6-9564-2d97aff10585-card-1":{"type":"card","settings":{"image_overlay":"rgba(0,0,0,0)","image_overlay_opacity":30,"media_shape":"none","add_gallery_item_border":false,"hide_media":false,"title":"— Write about your brand, identity, values, tagline","subtitle":"","text_color_scheme":"scheme3","button_label":"","button_link":"","target":false,"seo_h_tag":"h3"}}},"block_order":["template--21594807599380__d0db39f9-9caa-4ea6-9564-2d97aff10585-card-1"],"settings":{"heading":"","seo_h_tag":"h2","disable_section_title_border":false,"layout_desktop":"grid-1","layout_mobile":"grid-palm-1","style":"grid","image_aspect_ratio":"2","alignment":"horizontal-center align-content--vertical-middle","width":"70","title_size":"text-size--40","subtitle_size":"text-size--18","spacing":12,"gutter":"grid-padding","button_style":"outline","button_size":"button--regular","button_hover":"-arrow","cta_label":"","cta_url":"","color_scheme":"","disable_section_bottom_border":false,"disable_border":false,"remove_border_radius":false,"remove_padding":false,"hide_block_if":false}},"22757d8f-efb6-408e-95cc-e3728cb8caca":{"type":"text-columns-icons","blocks":{"template--21594807599380__22757d8f-efb6-408e-95cc-e3728cb8caca-image-1":{"type":"image","settings":{"icon":"delivery","title":"Brand","caption":"<p><br\/>\"Describe Your Brand: Share your story, values, and the unique journey of your brand. This is your space to connect with customers and showcase what makes your brand special. Keep it engaging and authentic!<\/p>","cta_label":"","cta_url":"","target":false,"seo_h_tag":"h3"}},"template--21594807599380__22757d8f-efb6-408e-95cc-e3728cb8caca-image-2":{"type":"image","settings":{"icon":"time-limit","title":"Products","caption":"<p>Highlight Your Products: Introduce your product range, focusing on the quality, innovation, or unique features that set them apart. Use this section to entice and inform customers about what you offer. <\/p>","cta_label":"","cta_url":"","target":false,"seo_h_tag":"h3"}}},"block_order":["template--21594807599380__22757d8f-efb6-408e-95cc-e3728cb8caca-image-1","template--21594807599380__22757d8f-efb6-408e-95cc-e3728cb8caca-image-2"],"settings":{"heading":"","seo_h_tag":"h2","disable_section_title_border":false,"hide_image_icon":true,"layout_desktop":"grid-2","style":"grid","title_text_font":"text-font--headings","title_text_size":"text-size--40","title_text_weight":false,"subtitle_text_font":"text-font--body","subtitle_text_size":"text-size--18","subtitle_text_line_height":"text-line-height--default","color_scheme":"","disable_section_bottom_border":false,"disable_border":false}},"7f38701a-3147-4e6a-9d84-1ff1418616a8":{"type":"rich-text","blocks":{"template--21524937081121__7f38701a-3147-4e6a-9d84-1ff1418616a8-text-1":{"type":"text","settings":{"text":"<p><strong>Tell your brand story<\/strong><\/p>","text_font":"text-font--body","text_size":"text-size--80","text_line_height":"text-line-height--default","seo_h_tag":"span"}},"ca179465-6adc-4865-8631-0e6eb3b48953":{"type":"text","settings":{"text":"<p>Your brand story is more than just a narrative; it's the heart and soul of your business. It's about where you started, what drives you, and the journey that led you to where you are today. This is your opportunity to connect with your audience on a personal level. Share the challenges you've overcome, the milestones you've achieved, and the values that guide you. Be authentic and transparent, allowing your customers to see the real people behind the brand. Your story should not just inform but also inspire and engage your audience, creating a lasting emotional connection. Use this space to weave a narrative that aligns with your brand identity and speaks directly to your customers' aspirations and needs<\/p>","text_font":"text-font--body","text_size":"text-size--30","text_line_height":"text-line-height--default","seo_h_tag":"span"}},"1842e01d-971a-4f37-9646-eff9b9ccd0a6":{"type":"button","settings":{"button_label":"Read more","link":"","target":false,"button_style":"outline","button_size":"button--regular","button_hover":"-arrow"}}},"block_order":["template--21524937081121__7f38701a-3147-4e6a-9d84-1ff1418616a8-text-1","ca179465-6adc-4865-8631-0e6eb3b48953","1842e01d-971a-4f37-9646-eff9b9ccd0a6"],"settings":{"heading":"","seo_h_tag":"h2","disable_section_title_border":false,"image_aspect_ratio":"1.77777","image_position":"top","image_position_mobile":"above","image_crop":false,"image_overlap":false,"image_overlay":"rgba(0,0,0,0)","media_shape":"none","text_alignment":"horizontal-left align-content--vertical-top","spacing":24,"gutter":"grid-padding","width":"70","color_scheme":"","disable_section_bottom_border":false,"color_scheme_card":"","disable_border":true,"remove_border_radius":true,"remove_padding":true,"add_border":true,"hide_block_if":false}},"e0db0df3-bc13-4ba7-87a4-620e5d268969":{"type":"featured-collection","settings":{"heading":"SOME OF OUR PRODUCTS","seo_h_tag":"h2","disable_section_title_border":false,"collection":"","products_number":8,"style":"slider","layout_desktop":"grid-4 grid-laptop-3 grid-lap-2","layout_mobile":"grid-palm-2","cta_label":"More products","cta_url":"","cta_target":false,"color_scheme":"","disable_section_bottom_border":false}}},"order":["main","d0db39f9-9caa-4ea6-9564-2d97aff10585","22757d8f-efb6-408e-95cc-e3728cb8caca","7f38701a-3147-4e6a-9d84-1ff1418616a8","e0db0df3-bc13-4ba7-87a4-620e5d268969"]}