{"sections":{"main":{"type":"main-page","settings":{}},"70b49539-fd12-4e72-acae-255da86decf7":{"type":"contact-form","blocks":{"template--21403294695713__70b49539-fd12-4e72-acae-255da86decf7-field-1":{"type":"field","settings":{"label":"Name","type":"input","required":true}},"template--21403294695713__70b49539-fd12-4e72-acae-255da86decf7-email-1":{"type":"email","settings":{}},"af24c9de-4455-4b6c-b094-bf62a3f8ecfb":{"type":"field","settings":{"label":"Label","type":"input","required":false}},"template--21403294695713__70b49539-fd12-4e72-acae-255da86decf7-field-2":{"type":"field","settings":{"label":"Message","type":"textarea","required":true}},"template--21403294695713__70b49539-fd12-4e72-acae-255da86decf7-button-1":{"type":"button","settings":{"label":"Submit"}}},"block_order":["template--21403294695713__70b49539-fd12-4e72-acae-255da86decf7-field-1","template--21403294695713__70b49539-fd12-4e72-acae-255da86decf7-email-1","af24c9de-4455-4b6c-b094-bf62a3f8ecfb","template--21403294695713__70b49539-fd12-4e72-acae-255da86decf7-field-2","template--21403294695713__70b49539-fd12-4e72-acae-255da86decf7-button-1"],"settings":{"heading":"Drop us a line","seo_h_tag":"h4","content":"<p><strong>Contact<\/strong><br\/>1-222-333-4444<br\/>email@website.com<\/p><p><strong>Useful information<\/strong><br\/>Street address <br\/>City, <br\/>ZIP CODE<br\/>Country<\/p><p><strong>Hours<\/strong><br\/>Monday-Friday: <em>9am-5pm<\/em><br\/>Saturday-Sunday: <em>Closed<\/em><\/p>","color_scheme":"","disable_section_bottom_border":false}},"0b012d24-03be-4ca5-ae2c-fb15c31e15da":{"type":"text-columns-images","blocks":{"template--21403294695713__0b012d24-03be-4ca5-ae2c-fb15c31e15da-image-3":{"type":"image","settings":{"title":"Store title","caption":"<p>Street name. City. County. Country<\/p>","cta_label":"","cta_url":"","target":false,"seo_h_tag":"h3"}},"template--21403294695713__0b012d24-03be-4ca5-ae2c-fb15c31e15da-image-2":{"type":"image","settings":{"title":"Store title","caption":"<p>Street name. City. County. Country<\/p>","cta_label":"","cta_url":"","target":false,"seo_h_tag":"h3"}},"template--21403294695713__0b012d24-03be-4ca5-ae2c-fb15c31e15da-image-1":{"type":"image","settings":{"title":"Store title","caption":"<p>Street name. City. County. Country<\/p>","cta_label":"","cta_url":"","target":false,"seo_h_tag":"h3"}}},"block_order":["template--21403294695713__0b012d24-03be-4ca5-ae2c-fb15c31e15da-image-3","template--21403294695713__0b012d24-03be-4ca5-ae2c-fb15c31e15da-image-2","template--21403294695713__0b012d24-03be-4ca5-ae2c-fb15c31e15da-image-1"],"settings":{"heading":"LOCAL STORES","seo_h_tag":"h2","disable_section_title_border":false,"layout_desktop":"grid-3 grid-lap-2","style":"grid","image_aspect_ratio":"0.83333","title_text_font":"text-font--headings","title_text_size":"text-size--20","title_text_weight":true,"subtitle_text_font":"text-font--body","subtitle_text_size":"text-size--18","subtitle_text_line_height":"text-line-height--default","color_scheme":"","disable_section_bottom_border":false,"disable_border":false,"remove_border_radius":false,"remove_padding":false}}},"order":["main","70b49539-fd12-4e72-acae-255da86decf7","0b012d24-03be-4ca5-ae2c-fb15c31e15da"]}