{"sections":{"main":{"type":"main-product","blocks":{"vendor":{"type":"vendor","settings":{}},"title":{"type":"title","settings":{"text_font":"text-font--headings","text_size":"text-size--80"}},"price":{"type":"price","settings":{}},"7ae6d80f-2930-4173-9050-13fb21752cdc":{"type":"icons","settings":{"icon_1_label":"100% Organic cotton","icon_2_label":"Pre-washed","icon_3_label":"","icon_4_label":"","icon_5_label":"","icon_6_label":"","icon_background":"#d5d942","icon_text":"#000000","icon_style":"rows"}},"description":{"type":"description","settings":{"text_font":"text-font--body","text_size":"text-size--30","text_line_height":"text-line-height--default","product_description_truncated":"3"}},"variant_picker":{"type":"variant_picker","settings":{"variants_style":"radio","unavailable_variants":"disable","size_guide_set":"size,format,größe,talla,taille,dimension,mărime,dimensione,tamanho,寸法","size_guide_button":"SIZE GUIDE","size_guide_page":"","size_guide_open":"popup"}},"buy_buttons":{"type":"buy_buttons","settings":{"show_quantity_selector":true,"show_preorder":false,"show_inventory":true,"show_dynamic_checkout":true,"show_gift_card_recipient":false,"color_scheme":"scheme1"}},"share":{"type":"share","settings":{}}},"block_order":["vendor","title","price","7ae6d80f-2930-4173-9050-13fb21752cdc","description","variant_picker","buy_buttons","share"],"settings":{"gallery_layout":"one-col slider","gallery_desktop_width":"one-half","gallery_aspect_ratio":"0.83333","media_shape":"none","add_gallery_item_border":false,"remove_border_radius":false,"remove_padding":false,"show_thumbnails":false,"add_parallax":true,"enable_zoom":true,"enable_video_looping":false,"remove_border_vertical":false,"remove_border_blocks":false,"default_to_first_variant":true,"color_scheme":"","disable_section_bottom_border":false}},"a4669e72-eef5-4dab-b4a8-3eafbd44320e":{"type":"promotion-blocks","blocks":{"eef69cf5-8bd9-42ca-8cad-157b616df20e":{"type":"card","settings":{"image_overlay":"#000000","image_overlay_opacity":3,"media_shape":"none","add_gallery_item_border":false,"hide_media":false,"title":"","subtitle":"","text_color_scheme":"scheme_1","button_label":"","button_link":"","target":false,"seo_h_tag":"h3"}}},"block_order":["eef69cf5-8bd9-42ca-8cad-157b616df20e"],"settings":{"heading":"Begin with an engaging introduction","seo_h_tag":"h2","disable_section_title_border":false,"layout_desktop":"grid-1","layout_mobile":"grid-palm-1","style":"grid","image_aspect_ratio":"1.77777","alignment":"horizontal-left align-content--vertical-bottom","width":"100","title_size":"text-size--40","subtitle_size":"text-size--18","spacing":12,"gutter":"grid-padding","button_style":"outline","button_size":"button--regular","button_hover":"-arrow","cta_label":"","cta_url":"","color_scheme":"","disable_section_bottom_border":false,"disable_border":false,"remove_border_radius":false,"remove_padding":false,"hide_block_if":false}},"f02ce5dd-3869-4e47-a895-b8cd53a8a4c1":{"type":"vertical-slider","blocks":{"d0b20310-4369-4363-9912-8f3f305ea7c1":{"type":"slide","settings":{"image_overlay":"rgba(0,0,0,0)","image_overlay_opacity":30,"hide_media":false,"title":"Highlight unique aspects of your project.","subtitle":"","text_color_scheme":"scheme3","text_blending":"normal","button_label":"","button_link":"","target":false,"seo_h_tag_title":"h2","seo_h_tag_subtitle":"span"}},"template--21354099441940__f02ce5dd-3869-4e47-a895-b8cd53a8a4c1-slide-1":{"type":"slide","settings":{"image_overlay":"rgba(0,0,0,0)","image_overlay_opacity":30,"hide_media":false,"title":"Testimonials","subtitle":"Include a few customer testimonials that speak to the effectiveness and quality of your product","text_color_scheme":"","text_blending":"normal","button_label":"","button_link":"","target":false,"seo_h_tag_title":"h2","seo_h_tag_subtitle":"span"}},"template--21354099441940__f02ce5dd-3869-4e47-a895-b8cd53a8a4c1-slide-2":{"type":"slide","settings":{"image_overlay":"rgba(0,0,0,0)","image_overlay_opacity":30,"hide_media":false,"title":"Instructions","subtitle":"Provide clear, step-by-step instructions on how to use your product effectively.","text_color_scheme":"","text_blending":"normal","button_label":"","button_link":"","target":false,"seo_h_tag_title":"h2","seo_h_tag_subtitle":"span"}},"d59156b2-3668-49e0-9cff-410d3e7322e4":{"type":"slide","settings":{"image_overlay":"rgba(0,0,0,0)","image_overlay_opacity":30,"hide_media":false,"title":"FAQ","subtitle":"Answer common questions about your product to help customers make informed decisions.","text_color_scheme":"scheme_1","text_blending":"normal","button_label":"","button_link":"","target":false,"seo_h_tag_title":"h2","seo_h_tag_subtitle":"span"}}},"block_order":["d0b20310-4369-4363-9912-8f3f305ea7c1","template--21354099441940__f02ce5dd-3869-4e47-a895-b8cd53a8a4c1-slide-1","template--21354099441940__f02ce5dd-3869-4e47-a895-b8cd53a8a4c1-slide-2","d59156b2-3668-49e0-9cff-410d3e7322e4"],"settings":{"image_aspect_ratio_desktop":"2","image_aspect_ratio_mobile":"1","media_shape":"none","add_gallery_item_border":false,"alignment":"horizontal-left align-content--vertical-top","width":"50","spacing":25,"gutter":"grid-padding","title_text_font":"text-font--body","title_text_size":"text-size--100","title_text_line_height":"text-line-height--custom-small","subtitle_text_font":"text-font--body","subtitle_text_size":"text-size--30","subtitle_text_line_height":"text-line-height--default","button_style":"outline","button_size":"button--regular","button_hover":"-arrow","color_scheme":"","disable_section_bottom_border":false,"remove_border_radius":false,"remove_padding":false,"remove_zoom":true,"remove_prlx":true}},"bfcadcd4-0dd5-4638-a8f5-e936229c7ecb":{"type":"rich-text","blocks":{"template--21368332452116__bfcadcd4-0dd5-4638-a8f5-e936229c7ecb-text-1":{"type":"text","settings":{"text":"<p>Customer Testimonials<\/p>","text_font":"text-font--body","text_size":"text-size--60","text_line_height":"text-line-height--default","seo_h_tag":"span"}},"5e20130e-201b-401f-8880-cf415a8efd7d":{"type":"text","settings":{"text":"<p>Showcase selected testimonials from satisfied customers. These real-life endorsements can build trust and credibility, demonstrating the positive impact your product has had.<\/p>","text_font":"text-font--body","text_size":"text-size--20","text_line_height":"text-line-height--default","seo_h_tag":"span"}},"038cb4d5-e20c-420f-b764-16495f6b8699":{"type":"empty","settings":{"height":"gutter-top--small"}}},"block_order":["template--21368332452116__bfcadcd4-0dd5-4638-a8f5-e936229c7ecb-text-1","5e20130e-201b-401f-8880-cf415a8efd7d","038cb4d5-e20c-420f-b764-16495f6b8699"],"settings":{"heading":"Highlight unique\naspects of your project","seo_h_tag":"h2","disable_section_title_border":false,"image_aspect_ratio":"1.77777","image_position":"right","image_position_mobile":"above","image_crop":false,"image_overlap":false,"image_overlay":"rgba(0,0,0,0)","media_shape":"none","text_alignment":"horizontal-left align-content--vertical-top","spacing":20,"gutter":"grid-padding","width":"70","color_scheme":"","disable_section_bottom_border":false,"color_scheme_card":"","disable_border":true,"remove_border_radius":true,"remove_padding":true,"add_border":false,"hide_block_if":false}},"60b3b6a9-e77f-4767-af19-68b166c6e5dc":{"type":"rich-text","blocks":{"template--21368332452116__60b3b6a9-e77f-4767-af19-68b166c6e5dc-text-1":{"type":"text","settings":{"text":"<p>Usage Instructions<\/p>","text_font":"text-font--body","text_size":"text-size--60","text_line_height":"text-line-height--custom-small","seo_h_tag":"span"}},"02772021-1cfa-41d5-a4f5-6addcd15b4b6":{"type":"text","settings":{"text":"<p>Detail the usage process of your product. Offer comprehensive instructions, tips for best results, and any safety guidelines. This ensures customers feel confident and informed about how to use your product.<\/p>","text_font":"text-font--body","text_size":"text-size--20","text_line_height":"text-line-height--default","seo_h_tag":"span"}},"e02f132e-3139-452f-9c24-fc624bf132f1":{"type":"empty","settings":{"height":"gutter-top--small"}}},"block_order":["template--21368332452116__60b3b6a9-e77f-4767-af19-68b166c6e5dc-text-1","02772021-1cfa-41d5-a4f5-6addcd15b4b6","e02f132e-3139-452f-9c24-fc624bf132f1"],"settings":{"heading":"","seo_h_tag":"h2","disable_section_title_border":false,"image_aspect_ratio":"1.77777","image_position":"right","image_position_mobile":"above","image_crop":false,"image_overlap":false,"image_overlay":"rgba(0,0,0,0)","media_shape":"none","text_alignment":"horizontal-left align-content--vertical-top","spacing":20,"gutter":"grid-padding","width":"70","color_scheme":"","disable_section_bottom_border":false,"color_scheme_card":"","disable_border":true,"remove_border_radius":true,"remove_padding":true,"add_border":false,"hide_block_if":false}},"456d9c2a-afa0-44c8-9bb3-4a3cd35b0be3":{"type":"rich-text","blocks":{"template--21368332452116__456d9c2a-afa0-44c8-9bb3-4a3cd35b0be3-text-1":{"type":"text","settings":{"text":"<p>FAQ Section<\/p>","text_font":"text-font--body","text_size":"text-size--60","text_line_height":"text-line-height--custom-small","seo_h_tag":"span"}},"24ef058b-c302-44ba-8a1e-6370e581ad3c":{"type":"text","settings":{"text":"<p>Include a section for frequently asked questions. Address common queries regarding your product, covering aspects like functionality, compatibility, maintenance requirements, and user guidelines to enhance customer understanding and satisfaction.<\/p>","text_font":"text-font--body","text_size":"text-size--20","text_line_height":"text-line-height--default","seo_h_tag":"span"}},"99dd89da-58d2-4b61-a4d0-be005d8334d7":{"type":"empty","settings":{"height":"gutter-top--small"}}},"block_order":["template--21368332452116__456d9c2a-afa0-44c8-9bb3-4a3cd35b0be3-text-1","24ef058b-c302-44ba-8a1e-6370e581ad3c","99dd89da-58d2-4b61-a4d0-be005d8334d7"],"settings":{"heading":"","seo_h_tag":"h2","disable_section_title_border":false,"image_aspect_ratio":"1.77777","image_position":"right","image_position_mobile":"above","image_crop":false,"image_overlap":false,"image_overlay":"rgba(0,0,0,0)","media_shape":"none","text_alignment":"horizontal-left align-content--vertical-top","spacing":20,"gutter":"grid-padding","width":"70","color_scheme":"","disable_section_bottom_border":false,"color_scheme_card":"","disable_border":true,"remove_border_radius":true,"remove_padding":true,"add_border":false,"hide_block_if":false}},"13fe9aaa-a7d9-48b2-8375-0abd12df4e77":{"type":"scrolling-images","blocks":{"template--21354099441940__13fe9aaa-a7d9-48b2-8375-0abd12df4e77-image-1":{"type":"image","settings":{"media_shape":"none","link":"","open_in_new_tab":false,"remove_border_radius":false,"remove_padding":false}},"0c58a755-880a-4364-8b61-2b161da35047":{"type":"image","settings":{"media_shape":"none","link":"","open_in_new_tab":false,"remove_border_radius":false,"remove_padding":false}},"0a4a9a3a-5bc8-4168-ac33-dbf4ed5ae9b3":{"type":"image","settings":{"media_shape":"none","link":"","open_in_new_tab":false,"remove_border_radius":false,"remove_padding":false}},"be12c91b-5e40-4f36-ba6d-bd9803564752":{"type":"image","settings":{"media_shape":"none","link":"","open_in_new_tab":false,"remove_border_radius":false,"remove_padding":false}},"307ac91c-6fa5-4fa6-9bc1-8066eb3d155d":{"type":"image","settings":{"media_shape":"none","link":"","open_in_new_tab":false,"remove_border_radius":false,"remove_padding":false}},"436bb832-dc2b-44ad-a178-c966cc5163a5":{"type":"image","settings":{"media_shape":"none","link":"","open_in_new_tab":false,"remove_border_radius":false,"remove_padding":false}},"3ed59878-0949-49ee-a1eb-1260f6f433b8":{"type":"image","settings":{"media_shape":"none","link":"","open_in_new_tab":false,"remove_border_radius":false,"remove_padding":false}},"cee556e8-fa28-4581-9d47-5a4505cbfae3":{"type":"image","settings":{"media_shape":"none","link":"","open_in_new_tab":false,"remove_border_radius":false,"remove_padding":false}},"70df68cd-3789-4d3d-bae2-c86323689eee":{"type":"image","settings":{"media_shape":"none","link":"","open_in_new_tab":false,"remove_border_radius":false,"remove_padding":false}}},"block_order":["template--21354099441940__13fe9aaa-a7d9-48b2-8375-0abd12df4e77-image-1","0c58a755-880a-4364-8b61-2b161da35047","0a4a9a3a-5bc8-4168-ac33-dbf4ed5ae9b3","be12c91b-5e40-4f36-ba6d-bd9803564752","307ac91c-6fa5-4fa6-9bc1-8066eb3d155d","436bb832-dc2b-44ad-a178-c966cc5163a5","3ed59878-0949-49ee-a1eb-1260f6f433b8","cee556e8-fa28-4581-9d47-5a4505cbfae3","70df68cd-3789-4d3d-bae2-c86323689eee"],"settings":{"heading":"LOOKBOOK","seo_h_tag":"h2","disable_section_title_border":false,"scroll_direction":"ltr","speed":140,"pause_on_hover":false,"columns":"3","image_aspect_ratio":"0.83333","color_scheme":"scheme3","disable_section_bottom_border":true,"disable_border":false}},"product-recommendations":{"type":"product-recommendations","settings":{"heading":"RECOMMENDED","disable_section_title_border":false,"layout_desktop":"grid-4 grid-lap-3","layout_mobile":"grid-palm-2","color_scheme":"","disable_section_bottom_border":false}}},"order":["main","a4669e72-eef5-4dab-b4a8-3eafbd44320e","f02ce5dd-3869-4e47-a895-b8cd53a8a4c1","bfcadcd4-0dd5-4638-a8f5-e936229c7ecb","60b3b6a9-e77f-4767-af19-68b166c6e5dc","456d9c2a-afa0-44c8-9bb3-4a3cd35b0be3","13fe9aaa-a7d9-48b2-8375-0abd12df4e77","product-recommendations"]}