{"sections":{"main":{"type":"main-product","blocks":{"title":{"type":"title","settings":{}},"price":{"type":"price","settings":{}},"variant_picker":{"type":"variant_picker","settings":{}},"buy_buttons":{"type":"buy_buttons","settings":{"show_quantity_selector":true,"show_dynamic_checkout":true}},"description":{"type":"description","settings":{"product_description_truncated":"full"}},"share":{"type":"share","settings":{}}},"block_order":["title","price","variant_picker","buy_buttons","description","share"],"settings":{"enable_zoom":true,"enable_video_looping":false}},"product-recommendations":{"type":"product-recommendations","settings":{"heading":"Recommended"}}},"order":["main","product-recommendations"]}